minsup,fp_num,algorithm,time
0.01,118,fpg,0.7951011657714844
0.02,61,fpg,0.35083675384521484
0.03,59,fpg,0.4419112205505371
0.04,47,fpg,0.33856987953186035
0.05,35,fpg,0.33058714866638184
0.06,29,fpg,0.4322524070739746
0.07,28,fpg,0.32294130325317383
0.08,20,fpg,0.31571340560913086
0.09,14,fpg,0.1484661102294922
0.1,11,fpg,0.2680222988128662
0.2,3,fpg,0.11597251892089844
0.3,2,fpg,0.1314713954925537
0.4,2,fpg,0.10679101943969727
0.5,1,fpg,0.07811594009399414
